CRS ID,Oyo_Name,FROM,TO
US_MFL001,"",2020/09/01,2025/08/01
US_SAND001,"",2022/08/03,2025/08/01
US_MGA001,"",2023/08/18,2025/08/18
US_QNTR001,"",2024/08/21,2025/08/20
US_GUP001,"",2024/08/26,2025/08/25
US_RSC001,"",2023/09/01,2025/08/31
US_RCA001,"",2024/09/01,2025/08/31
US_EER001,"",2024/10/01,2025/09/07
US_HTN037,"",2024/09/12,2025/09/11
US_SLGOK001,"",2023/09/15,2025/09/15
US_SPGA1001,"",2023/09/21,2025/09/20
US_HTN031,"",2022/10/01,2025/09/27
US_CMW001,"",2021/12/01,2025/10/02
US_DAV001,"",2024/11/01,2025/10/20
